{
    "materials":[{
        "blending":"NormalBlending",
        "specularCoef":50,
        "opacity":1,
        "depthWrite":true,
        "depthTest":true,
        "DbgColor":15658734,
        "colorEmissive":[0,0,0],
        "shading":"phong",
        "wireframe":false,
        "colorSpecular":[0.5,0.5,0.5],
        "doubleSided":false,
        "DbgName":"Material",
        "vertexColors":false,
        "visible":true,
        "DbgIndex":0,
        "transparent":false
    }],
    "faces":[35,23,9,2,19,0,0,0,0,0,35,22,21,6,11,0,1,1,1,1,35,25,20,5,13,0,2,2,2,2,35,17,11,6,14,0,3,3,3,3,35,24,21,7,15,0,4,4,4,4,35,16,8,3,15,0,5,5,5,5,35,12,0,8,16,0,6,6,6,6,35,13,5,11,17,0,7,7,7,7,35,20,22,11,5,0,8,8,8,8,35,18,1,9,23,0,9,9,9,9,35,1,13,17,9,0,10,10,10,10,35,4,12,16,10,0,11,11,11,11,35,10,16,15,7,0,12,12,12,12,35,19,24,15,3,0,13,13,13,13,35,9,17,14,2,0,14,14,14,14,35,18,25,13,1,0,15,15,15,15,35,0,12,25,18,0,16,16,16,16,35,2,14,24,19,0,17,17,17,17,35,0,18,23,8,0,18,18,18,18,35,4,10,22,20,0,19,19,19,19,35,14,6,21,24,0,20,20,20,20,35,12,4,20,25,0,21,21,21,21,35,10,7,21,22,0,22,22,22,22,35,8,23,19,3,0,18,18,18,18],
    "uvs":[],
    "normals":[-7.2258e-15,-1,6.32271e-08,-0.219536,0.909647,0.352629,0.938233,0.208825,0.275881,-0.309457,0.588586,0.746862,-0.999483,-0.0169866,-0.0272923,2.28567e-07,1.51472e-07,-1,-0.141681,-0.172266,-0.974808,0.3194,0.294661,0.900643,0.0632882,0.995896,0.0647016,-7.87678e-15,-1,6.32271e-08,0.325838,-0.166903,0.930577,-0.0773212,0.155667,-0.984779,-0.0503981,0.0433396,-0.997788,-1,-1.51472e-07,-2.25499e-07,-0.417637,-0.826708,0.377007,0.899354,-0.334267,0.281831,0.858358,-0.488602,-0.15649,-0.998567,-0.041075,-0.0342909,0,-1,0,0.178819,0.936695,-0.301042,-0.984533,0.118384,0.129151,0.930119,0.254673,-0.264615,-0.180971,0.978288,-0.101001],
    "vertices":[1,-1,-1,1,-1,1,-1,-1,1,-1,-1,-1,1.12825,0.721659,-0.937459,1.1951,1.08453,0.45409,-0.776957,0.523054,1.08289,-0.992886,0.905078,-0.899108,0.0431036,-1,-1,0.0431034,-1,1,0.0431037,1,-1,0.144859,1.04409,0.715279,1.16444,-0.279518,-1.2903,1.07677,-0.179734,0.785183,-1.07033,-0.310241,1.27909,-1,-0.212996,-1,0.0431037,-0.212996,-1,-1.10511,-0.576087,1.81313,1,-1,0.0572935,-1,-1,0.0572931,1.10314,1.04469,-0.2313,-1.05403,0.927993,0.268364,0.0968961,1.18988,-0.0932231,0.0431035,-1,0.0572933,-1,-0.212996,0.0572932,1.63005,-0.195413,-0.0562686],
    "colors":[],
    "metadata":{
        "faces":24,
        "uvs":0,
        "generator":"io_three",
        "normals":23,
        "version":3,
        "colors":0,
        "materials":1,
        "vertices":26,
        "type":"Geometry"
    }
}