{
    "uvs":[[0.999815,0.343396,0.666852,0.343396,0.666852,0.0104325,0.999815,0.0104326,0.343396,0.843581,0.176914,0.843581,0.176914,0.677099,0.343396,0.677099,0.676729,0.343766,0.593488,0.686976,0.427007,0.686976,0.343766,0.343766,0.333148,0.000185164,0.249907,0.343396,0.0834258,0.343396,0.000185164,0.000185184,0.333518,0.343396,0.416759,0.000185164,0.583241,0.000185164,0.666481,0.343396,0.343396,0.593488,0.000185164,0.676729,0.000185164,0.343766,0.343396,0.427007]],
    "vertices":[1,-4.37114e-08,-1,1,4.37114e-08,1,-1,4.37114e-08,1,-1,-4.37114e-08,-1,0.5,2,-0.5,0.5,2,0.5,-0.5,2,0.5,-0.5,2,-0.5],
    "normals":[0,-1,4.37114e-08,0,1,0,0.970142,0.242536,1.9275e-07,-2.313e-07,0.242536,0.970142,-0.970143,0.242536,-2.12025e-07,2.12025e-07,0.242536,-0.970142],
    "faces":[171,0,1,2,3,0,0,1,2,3,0,0,0,0,0,0,0,0,171,4,7,6,5,0,4,5,6,7,1,1,1,1,1,1,1,1,171,0,4,5,1,0,8,9,10,11,2,2,2,2,0,1,1,0,171,1,5,6,2,0,12,13,14,15,3,3,3,3,0,1,1,0,171,2,6,7,3,0,16,17,18,19,4,4,4,4,0,1,1,0,171,4,0,3,7,0,20,21,22,23,5,5,5,5,1,0,0,1],
    "colors":[9830299,16755451],
    "metadata":{
        "materials":1,
        "colors":2,
        "faces":6,
        "type":"Geometry",
        "generator":"io_three",
        "uvs":1,
        "version":3,
        "vertices":8,
        "normals":6
    },
    "materials":[{
        "visible":true,
        "doubleSided":true,
        "DbgColor":15658734,
        "blending":"NormalBlending",
        "depthWrite":true,
        "shading":"lambert",
        "vertexColors":true,
        "colorEmissive":[0,0,0],
        "depthTest":true,
        "DbgIndex":0,
        "wireframe":false,
        "opacity":1,
        "DbgName":"Material",
        "transparent":false
    }]
}